City_ID,City,Country,Date,Lat,Lng,Max Temp,Humidity,Cloudiness,Wind Speed
0,Vestmannaeyjar,IS,2022-04-14 23:20:25,63.4427,-20.2734,47.7,97,100,24.16
1,Upernavik,GL,2022-04-14 23:20:26,72.7868,-56.1549,-12.93,99,37,8.34
2,Ribeira Grande,PT,2022-04-14 23:20:26,38.5167,-28.7,61.2,88,75,23.02
3,Igarka,RU,2022-04-14 23:20:27,67.4667,86.5833,32.29,97,100,17.2
4,Chuy,UY,2022-04-14 23:20:27,-33.6971,-53.4616,54.34,69,0,9.19
5,Igarapava,BR,2022-04-14 23:20:27,-20.0383,-47.7469,76.12,91,25,2.86
6,San Cristobal,VE,2022-04-14 23:20:28,7.7669,-72.225,77.18,66,99,3.0
7,Southbridge,US,2022-04-14 23:20:28,42.0751,-72.0334,64.18,91,100,10.49
8,Yellowknife,CA,2022-04-14 23:17:29,62.456,-114.3525,25.29,59,75,10.36
9,Hamilton,US,2022-04-14 23:15:46,39.1834,-84.5333,60.85,27,20,21.85
10,Castro,BR,2022-04-14 23:20:29,-24.7911,-50.0119,56.98,95,14,5.44
11,Punta Arenas,CL,2022-04-14 23:19:03,-53.15,-70.9167,48.31,71,75,5.75
12,Padang,ID,2022-04-14 23:20:29,-0.9492,100.3543,75.25,87,97,2.46
13,Albany,US,2022-04-14 23:20:11,42.6001,-73.9662,56.59,78,100,1.01
14,Hilo,US,2022-04-14 23:18:43,19.7297,-155.09,83.28,75,75,11.5
15,Provideniya,RU,2022-04-14 23:20:30,64.3833,-173.3,32.36,93,100,11.18
16,Mataura,NZ,2022-04-14 23:20:30,-46.1927,168.8643,55.47,62,4,2.66
17,Rikitea,PF,2022-04-14 23:20:30,-23.1203,-134.9692,78.04,68,22,15.7
18,Dunedin,NZ,2022-04-14 23:20:31,-45.8742,170.5036,60.03,59,0,2.91
19,Coos Bay,US,2022-04-14 23:20:31,43.3665,-124.2179,52.0,72,0,10.36
20,Tiksi,RU,2022-04-14 23:20:31,71.6872,128.8694,-0.42,98,100,8.39
21,Sisak,HR,2022-04-14 23:20:32,45.4661,16.3783,46.38,75,55,3.11
22,Ponta Do Sol,PT,2022-04-14 23:20:19,32.6667,-17.1,64.71,82,31,3.8
23,Ushuaia,AR,2022-04-14 23:17:22,-54.8,-68.3,47.86,57,20,11.5
24,Jamestown,US,2022-04-14 23:20:32,42.097,-79.2353,52.52,31,0,6.91
25,Hithadhoo,MV,2022-04-14 23:20:33,-0.6,73.0833,83.26,71,98,6.44
26,Adrar,MR,2022-04-14 23:20:33,20.5022,-10.0711,74.23,23,0,10.29
27,Port Elizabeth,ZA,2022-04-14 23:20:33,-33.918,25.5701,63.1,94,100,19.57
28,Sur,OM,2022-04-14 23:20:34,22.5667,59.5289,85.53,39,22,11.61
29,Danshui,CN,2022-04-14 23:20:34,22.7984,114.4672,71.71,71,31,7.34
30,Grand Gaube,MU,2022-04-14 23:20:34,-20.0064,57.6608,78.39,76,28,5.99
31,Saint George,US,2022-04-14 23:20:35,37.1041,-113.5841,72.43,11,0,7.0
32,Bengkulu,ID,2022-04-14 23:20:35,-3.8004,102.2655,76.57,87,99,2.1
33,Carnarvon,AU,2022-04-14 23:20:35,-24.8667,113.6333,66.27,72,0,6.91
34,Atuona,PF,2022-04-14 23:20:36,-9.8,-139.0333,78.42,78,53,13.98
35,Nanortalik,GL,2022-04-14 23:20:36,60.1432,-45.2371,32.11,93,44,2.86
36,Cap-Aux-Meules,CA,2022-04-14 23:20:37,47.3821,-61.8597,33.85,86,20,6.91
37,Mahebourg,MU,2022-04-14 23:20:37,-20.4081,57.7,78.26,78,40,10.36
38,Bredasdorp,ZA,2022-04-14 23:20:37,-34.5322,20.0403,56.17,72,48,7.0
39,Shimanovsk,RU,2022-04-14 23:17:14,52.0,127.7,35.94,65,73,5.93
40,Denpasar,ID,2022-04-14 23:18:56,-8.65,115.2167,80.26,83,20,1.14
41,Basco,PH,2022-04-14 23:20:38,20.4487,121.9702,77.07,77,66,22.12
42,Puerto Ayora,EC,2022-04-14 23:20:38,-0.7393,-90.3518,78.08,82,97,8.66
43,Rocha,UY,2022-04-14 23:20:38,-34.4833,-54.3333,51.26,76,0,6.64
44,Busselton,AU,2022-04-14 23:21:39,-33.65,115.3333,56.71,86,0,7.56
45,Port Alfred,ZA,2022-04-14 23:21:39,-33.5906,26.891,63.18,94,99,5.99
46,Sao Joao Da Barra,BR,2022-04-14 23:21:39,-21.6403,-41.0511,75.58,89,84,12.48
47,Vila Velha,BR,2022-04-14 23:19:02,-20.3297,-40.2925,78.75,90,75,5.75
48,Lavrentiya,RU,2022-04-14 23:21:40,65.5833,-171.0,32.9,99,100,11.56
49,Longyearbyen,SJ,2022-04-14 23:21:40,78.2186,15.6401,19.24,73,75,5.75
50,Richards Bay,ZA,2022-04-14 23:21:41,-28.783,32.0377,69.04,88,31,3.87
51,San Ramon De La Nueva Oran,AR,2022-04-14 23:17:06,-23.1322,-64.326,64.42,85,26,2.42
52,Kavieng,PG,2022-04-14 23:21:41,-2.5744,150.7967,83.86,74,67,11.43
53,Kodiak,US,2022-04-14 23:18:31,57.79,-152.4072,45.91,49,75,13.8
54,Qaanaaq,GL,2022-04-14 23:21:41,77.484,-69.3632,-3.32,90,98,4.09
55,Port Lincoln,AU,2022-04-14 23:21:42,-34.7333,135.8667,67.21,80,10,8.14
56,Nioro,GM,2022-04-14 23:21:42,13.35,-15.75,80.98,37,22,8.55
57,Ambilobe,MG,2022-04-14 23:21:42,-13.2,49.05,73.89,89,37,3.09
58,Mimongo,GA,2022-04-14 23:17:18,-1.6195,11.6068,68.11,96,63,1.77
59,Avera,US,2022-04-14 23:21:43,33.194,-82.5271,75.54,77,98,8.19
60,Sungaipenuh,ID,2022-04-14 23:21:43,-2.0833,101.3833,64.26,96,100,1.03
61,Brae,GB,2022-04-14 23:21:44,60.3964,-1.353,42.98,80,100,9.62
62,Nemuro,JP,2022-04-14 23:21:44,43.3236,145.575,33.84,91,100,4.81
63,Poso,ID,2022-04-14 23:21:44,-1.3959,120.7524,78.12,86,100,3.85
64,Saldanha,ZA,2022-04-14 23:21:45,-33.0117,17.9442,50.05,67,5,18.52
65,Kungurtug,RU,2022-04-14 23:21:45,50.5994,97.5228,9.95,89,16,2.64
66,Dawson Creek,CA,2022-04-14 23:21:46,55.7666,-120.2362,31.64,32,0,10.36
67,Kamenka,RU,2022-04-14 23:21:46,51.3223,42.7678,43.57,88,100,12.75
68,Duncanville,US,2022-04-14 23:21:46,32.6518,-96.9083,75.74,31,0,16.11
69,Te Anau,NZ,2022-04-14 23:21:47,-45.4167,167.7167,56.93,60,8,1.41
70,Tuktoyaktuk,CA,2022-04-14 23:21:47,69.4541,-133.0374,-2.2,78,20,9.22
71,Acajutla,SV,2022-04-14 23:21:47,13.5928,-89.8275,86.02,61,29,7.76
72,Clyde River,CA,2022-04-14 23:21:48,70.4692,-68.5914,1.63,71,20,10.36
73,Arraial Do Cabo,BR,2022-04-14 23:20:18,-22.9661,-42.0278,75.83,83,53,12.44
74,Esmeraldas,BR,2022-04-14 23:21:48,-19.7625,-44.3139,78.04,87,38,3.22
75,Diffa,NE,2022-04-14 23:21:48,13.3154,12.6113,87.19,13,95,2.62
76,Hermanus,ZA,2022-04-14 23:21:49,-34.4187,19.2345,55.8,78,47,9.62
77,Luderitz,NA,2022-04-14 23:21:49,-26.6481,15.1594,59.92,80,16,21.32
78,Kudahuvadhoo,MV,2022-04-14 23:21:49,2.6708,72.8944,84.18,74,71,9.33
79,Victoria,HK,2022-04-14 23:18:08,22.2855,114.1577,75.38,69,14,18.99
80,Luwuk,ID,2022-04-14 23:21:50,-0.9516,122.7875,80.02,80,100,1.81
81,Hovd,MN,2022-04-14 23:21:50,48.0056,91.6419,26.87,40,100,3.22
82,Pevek,RU,2022-04-14 23:21:51,69.7008,170.3133,14.85,80,73,2.39
83,Yining,CN,2022-04-14 23:21:51,29.0361,114.5636,55.83,91,100,4.32
84,Alibag,IN,2022-04-14 23:21:51,18.6411,72.8792,84.27,79,79,0.76
85,Bayan,CN,2022-04-14 23:21:52,46.0833,127.4,41.68,27,12,6.98
86,New Norfolk,AU,2022-04-14 23:21:52,-42.7826,147.0587,62.92,64,100,4.0
87,Cape Town,ZA,2022-04-14 23:18:46,-33.9258,18.4232,60.12,74,75,10.36
88,Turukhansk,RU,2022-04-14 23:21:52,65.8167,87.9833,34.09,90,100,14.65
89,Baton Rouge,US,2022-04-14 23:20:58,30.4508,-91.1545,80.89,58,0,5.75
90,Bambous Virieux,MU,2022-04-14 23:20:23,-20.3428,57.7575,78.22,78,40,10.36
91,Vaitape,PF,2022-04-14 23:21:53,-16.5167,-151.75,82.47,71,21,18.75
92,Vaini,TO,2022-04-14 23:22:53,-21.2,-175.2,80.76,94,75,10.36
93,Barrow,US,2022-04-14 23:20:09,71.2906,-156.7887,3.22,72,0,16.11
94,Sao Filipe,CV,2022-04-14 23:22:54,14.8961,-24.4956,70.93,77,1,11.63
95,Preobrazheniye,RU,2022-04-14 23:19:49,42.9019,133.9064,42.94,56,79,2.39
96,Kedougou,SN,2022-04-14 23:22:54,12.5579,-12.1743,92.34,14,86,4.07
97,East London,ZA,2022-04-14 23:21:26,-33.0153,27.9116,68.68,79,100,8.99
98,Camana,PE,2022-04-14 23:22:55,-16.6228,-72.7111,67.73,80,52,7.96
99,Forbes,AU,2022-04-14 23:22:55,-33.3833,148.0167,63.14,61,65,4.61
100,Nikolskoye,RU,2022-04-14 23:22:55,59.7035,30.7861,37.8,98,100,3.11
101,Lasa,IT,2022-04-14 23:22:56,46.6166,10.7002,52.68,84,21,2.59
102,Lucapa,AO,2022-04-14 23:22:56,-8.4192,20.7447,66.51,96,100,2.57
103,Santa Maria,BR,2022-04-14 23:22:56,-29.6842,-53.8069,54.7,82,0,2.3
104,Bethel,US,2022-04-14 23:22:57,41.3712,-73.414,65.17,75,95,14.2
105,Kurumkan,RU,2022-04-14 23:22:57,54.3,110.3,32.22,76,100,5.57
106,Broken Hill,AU,2022-04-14 23:22:57,-31.95,141.4333,69.08,44,100,9.31
107,Lompoc,US,2022-04-14 23:22:58,34.6391,-120.4579,73.56,65,0,21.85
108,Kaitangata,NZ,2022-04-14 23:22:58,-46.2817,169.8464,59.05,61,9,3.76
109,Tacoronte,ES,2022-04-14 23:22:58,28.4769,-16.4102,58.26,71,40,13.8
110,Honiara,SB,2022-04-14 23:22:59,-9.4333,159.95,85.73,65,49,4.76
111,Pangnirtung,CA,2022-04-14 23:22:59,66.1451,-65.7125,-3.93,97,15,3.18
112,Port Macquarie,AU,2022-04-14 23:22:59,-31.4333,152.9167,68.9,72,43,3.65
113,Lashio,MM,2022-04-14 23:23:00,22.9333,97.75,70.21,56,100,1.52
114,Labuhan,ID,2022-04-14 23:23:00,-6.8844,112.2051,76.91,84,83,4.68
115,Faanui,PF,2022-04-14 23:23:00,-16.4833,-151.75,82.44,72,20,18.84
116,Verkhnevilyuysk,RU,2022-04-14 23:23:01,63.4453,120.3167,19.33,91,92,7.34
117,Tutoia,BR,2022-04-14 23:23:01,-2.7619,-42.2744,78.53,89,99,7.85
118,Kapaa,US,2022-04-14 23:23:01,22.0752,-159.319,82.38,72,75,16.11
119,Jalu,LY,2022-04-14 23:23:02,29.0331,21.5482,71.31,20,60,20.76
120,Bluff,NZ,2022-04-14 23:23:02,-46.6,168.3333,55.8,70,11,10.85
121,Ukiah,US,2022-04-14 23:23:03,39.1502,-123.2078,57.09,88,100,9.22
122,Chiplun,IN,2022-04-14 23:23:03,17.5333,73.5167,77.99,82,92,1.81
123,Yulara,AU,2022-04-14 23:23:04,-25.2406,130.9889,76.84,31,29,8.05
124,Tommot,RU,2022-04-14 23:23:04,58.9564,126.2925,30.07,96,100,3.33
125,Cherskiy,RU,2022-04-14 23:23:04,68.75,161.3,18.86,89,100,2.42
126,Tsybli,UA,2022-04-14 23:23:05,49.9948,31.5628,44.56,73,31,3.94
127,Doha,QA,2022-04-14 23:23:05,25.2867,51.5333,84.09,52,0,5.75
128,Todos Santos,MX,2022-04-14 23:23:05,23.45,-110.2167,72.45,62,73,10.33
129,Vilhena,BR,2022-04-14 23:23:06,-12.7406,-60.1458,73.62,94,40,10.36
130,Ancud,CL,2022-04-14 23:23:06,-41.8697,-73.8203,51.93,90,0,2.42
131,Salinopolis,BR,2022-04-14 23:23:06,-0.6136,-47.3561,78.53,88,93,8.97
132,Ishigaki,JP,2022-04-14 23:23:07,24.3448,124.1572,71.73,94,75,12.66
133,Kitami,JP,2022-04-14 23:23:07,43.8031,143.8908,38.66,60,100,4.83
134,Comodoro Rivadavia,AR,2022-04-14 23:19:35,-45.8667,-67.5,64.26,59,0,4.61
135,Norman Wells,CA,2022-04-14 23:23:07,65.282,-126.8329,17.64,45,40,13.8
136,Geraldton,AU,2022-04-14 23:23:08,-28.7667,114.6,64.81,77,0,11.5
137,Tura,IN,2022-04-14 23:23:08,25.5198,90.2201,71.19,94,44,6.89
138,Muroto,JP,2022-04-14 23:24:09,33.2833,134.15,64.26,93,100,10.92
139,Swan River,CA,2022-04-14 23:24:09,52.1058,-101.2676,15.69,86,100,18.41
140,San Patricio,US,2022-04-14 23:24:09,28.017,-97.5169,81.32,59,98,18.37
141,Aykhal,RU,2022-04-14 23:24:10,66.0,111.5,8.13,94,97,15.97
142,Gravdal,NO,2022-04-14 23:24:10,68.1214,13.5031,37.72,66,69,2.98
143,Cabo San Lucas,MX,2022-04-14 23:24:10,22.8909,-109.9124,81.7,46,75,6.91
144,Nishihara,JP,2022-04-14 23:24:11,26.1842,127.7558,74.48,89,75,11.5
145,Katsuura,JP,2022-04-14 23:24:11,35.1333,140.3,50.02,93,100,17.38
146,Ostrovnoy,RU,2022-04-14 23:24:11,68.0531,39.5131,14.36,96,92,6.8
147,Constitucion,CL,2022-04-14 23:24:12,-35.3333,-72.4167,53.38,87,1,4.43
148,Montlucon,FR,2022-04-14 23:24:12,46.3333,2.6,47.7,93,1,2.3
149,Mar Del Plata,AR,2022-04-14 23:20:41,-38.0023,-57.5575,59.88,74,0,5.99
150,Tazovskiy,RU,2022-04-14 23:24:12,67.4667,78.7,33.48,99,100,12.86
151,Zabid,YE,2022-04-14 23:24:13,14.1951,43.3152,84.58,33,27,1.39
152,Grindavik,IS,2022-04-14 23:24:13,63.8424,-22.4338,49.95,100,100,29.93
153,Los Llanos De Aridane,ES,2022-04-14 23:24:13,28.6585,-17.9182,60.55,85,0,11.5
154,Haines Junction,CA,2022-04-14 23:24:14,60.7522,-137.5108,40.95,20,11,4.61
155,Guerrero Negro,MX,2022-04-14 23:24:14,27.9769,-114.0611,68.22,52,68,17.67
156,Umm Lajj,SA,2022-04-14 23:24:14,25.0213,37.2685,72.41,62,0,9.91
157,Fortuna,US,2022-04-14 23:24:15,40.5982,-124.1573,53.85,67,100,11.5
158,Vardo,NO,2022-04-14 23:24:15,70.3705,31.1107,34.03,85,57,14.61
159,Kieta,PG,2022-04-14 23:24:16,-6.2167,155.6333,83.59,70,99,3.0
160,Smolenka,RU,2022-04-14 23:24:16,52.1352,113.4974,37.47,35,40,6.71
161,Sassandra,CI,2022-04-14 23:24:17,4.95,-6.0833,80.83,84,87,10.02
162,Caceres,ES,2022-04-14 23:24:17,39.522,-6.3748,54.93,70,7,2.51
163,Nha Trang,VN,2022-04-14 23:24:18,12.25,109.1833,78.8,89,88,4.03
164,Hobart,AU,2022-04-14 23:24:18,-42.8794,147.3294,63.27,65,75,18.41
165,Qui Nhon,VN,2022-04-14 23:24:18,13.7667,109.2333,76.59,90,52,2.42
166,Wajima,JP,2022-04-14 23:24:19,37.4,136.9,52.48,100,75,4.61
167,Tiruchchendur,IN,2022-04-14 23:24:19,8.4833,78.1167,82.47,76,84,12.1
168,Axim,GH,2022-04-14 23:24:19,4.8699,-2.2405,80.19,85,100,7.76
169,Praia,CV,2022-04-14 23:24:20,14.9215,-23.5087,70.34,68,20,13.8
170,Tupaciguara,BR,2022-04-14 23:24:20,-18.5922,-48.705,68.31,86,57,7.34
171,Georgetown,MY,2022-04-14 23:20:41,5.4112,100.3354,78.73,99,20,3.44
172,Ponta Delgada,PT,2022-04-14 23:24:20,37.7333,-25.6667,63.32,94,75,9.22
173,Garden City,US,2022-04-14 23:24:21,42.3256,-83.331,55.65,29,75,41.43
174,Saskylakh,RU,2022-04-14 23:24:21,71.9167,114.0833,-9.35,99,100,5.14
175,Husavik,IS,2022-04-14 23:24:21,66.0449,-17.3389,40.06,87,100,9.95
176,Dikson,RU,2022-04-14 23:24:22,73.5069,80.5464,16.41,91,100,7.38
177,Polonnaruwa,LK,2022-04-14 23:24:22,7.9333,81.0,75.52,95,100,3.33
178,Lumby,CA,2022-04-14 23:24:22,50.2498,-118.969,48.79,19,89,3.44
179,Blagoyevo,RU,2022-04-14 23:24:23,63.3667,47.9167,19.8,98,67,1.7
180,Honningsvag,NO,2022-04-14 23:24:23,70.9821,25.9704,31.75,74,80,9.22
181,Diveyevo,RU,2022-04-14 23:24:23,55.0433,43.2418,35.11,92,32,11.9
182,Bogashevo,RU,2022-04-14 23:24:24,56.3683,85.1447,29.97,74,0,2.24
183,Ugoofaaru,MV,2022-04-14 23:24:24,5.6667,73.0,84.25,74,95,9.28
184,Saint-Philippe,RE,2022-04-14 23:24:24,-21.3585,55.7679,76.59,87,60,15.23
185,Yamada,JP,2022-04-14 23:24:25,39.4667,141.95,41.56,96,100,8.01
186,Lichinga,MZ,2022-04-14 23:25:25,-13.3128,35.2406,60.39,97,52,5.53
187,Korla,CN,2022-04-14 23:25:25,41.7597,86.1469,55.17,23,61,7.27
188,Avarua,CK,2022-04-14 23:25:26,-21.2078,-159.775,84.25,79,79,4.61
189,Nalut,LY,2022-04-14 23:25:26,30.3333,10.85,69.58,32,100,16.55
190,Tasiilaq,GL,2022-04-14 23:25:26,65.6145,-37.6368,32.16,99,100,3.09
191,Saint Anthony,US,2022-04-14 23:22:46,45.0205,-93.218,34.25,70,75,25.32
192,Manta,EC,2022-04-14 23:25:27,-0.95,-80.7333,80.38,69,75,11.5
193,Rio Grande,BR,2022-04-14 23:25:27,-32.035,-52.0986,54.95,62,1,14.81
194,Tulun,RU,2022-04-14 23:25:28,54.5611,100.5792,32.81,69,85,4.23
195,Ixtapa,MX,2022-04-14 23:25:28,20.7,-105.2,76.23,73,75,11.5
196,Khatanga,RU,2022-04-14 23:25:28,71.9667,102.5,-18.99,100,40,3.04
197,Okha,RU,2022-04-14 23:25:29,53.5739,142.9478,28.71,72,34,8.23
198,Beaupre,CA,2022-04-14 23:25:29,47.0443,-70.8953,45.95,91,100,10.36
199,Bosaso,SO,2022-04-14 23:25:29,11.2842,49.1816,82.69,54,2,8.28
200,Menongue,AO,2022-04-14 23:25:30,-14.6585,17.691,60.96,95,58,3.24
201,Rawson,AR,2022-04-14 23:21:24,-43.3002,-65.1023,71.13,25,7,20.96
202,Ejea De Los Caballeros,ES,2022-04-14 23:25:30,42.1263,-1.1372,53.82,88,3,5.57
203,La Rioja,ES,2022-04-14 23:25:30,42.25,-2.5,44.38,95,39,3.44
204,Isilkul,RU,2022-04-14 23:25:31,54.9109,71.2728,49.01,51,66,8.1
205,Poum,NC,2022-04-14 23:21:20,-20.2333,164.0167,77.68,81,92,2.24
206,Hofn,IS,2022-04-14 23:25:31,64.2539,-15.2082,47.39,99,100,17.02
207,Ayagoz,KZ,2022-04-14 23:25:32,47.9714,80.4392,40.98,36,0,8.48
208,Thetford Mines,CA,2022-04-14 23:25:32,46.0913,-71.3013,46.27,97,100,7.02
209,Jutai,BR,2022-04-14 23:25:32,-5.1833,-68.9,73.47,99,100,1.14
210,Kavaratti,IN,2022-04-14 23:25:33,10.5669,72.642,82.29,75,26,7.05
211,Pacific Grove,US,2022-04-14 23:25:33,36.6177,-121.9166,63.34,79,98,7.0
212,Butaritari,KI,2022-04-14 23:25:33,3.0707,172.7902,81.45,75,85,12.21
213,Nadvoitsy,RU,2022-04-14 23:25:34,63.8667,34.3167,32.99,99,100,2.57
214,Ketchikan,US,2022-04-14 23:25:34,55.3422,-131.6461,48.67,27,0,8.05
215,Airai,TL,2022-04-14 23:25:34,-8.9266,125.4092,64.83,81,91,2.55
216,Lebu,CL,2022-04-14 23:25:35,-37.6167,-73.65,52.43,87,0,6.2
217,Elizabeth City,US,2022-04-14 23:25:35,36.2946,-76.2511,78.82,75,0,13.8
218,Auch,FR,2022-04-14 23:25:35,43.65,0.5833,59.34,80,4,5.99
219,Wadi Musa,JO,2022-04-14 23:25:36,30.3222,35.4793,55.38,34,0,1.03
220,Nantucket,US,2022-04-14 23:25:36,41.2835,-70.0995,51.94,95,100,0.0
221,Sayyan,YE,2022-04-14 23:25:36,15.1718,44.3244,58.1,43,11,3.18
222,Aripuana,BR,2022-04-14 23:25:37,-9.1667,-60.6333,74.88,96,100,1.45
223,Fallon,US,2022-04-14 23:25:37,39.4735,-118.7774,62.47,27,100,18.41
224,Itoman,JP,2022-04-14 23:25:37,26.1247,127.6694,75.22,86,75,11.5
225,Thompson,CA,2022-04-14 23:25:38,55.7435,-97.8558,15.96,48,75,23.02
226,Lagoa,PT,2022-04-14 23:25:38,39.05,-27.9833,60.6,75,3,20.42
227,Perevolotskiy,RU,2022-04-14 23:25:38,51.8763,54.1938,42.1,83,9,13.22
228,Maniwaki,CA,2022-04-14 23:21:32,46.3834,-75.966,52.18,50,80,14.97
229,Klamath Falls,US,2022-04-14 23:25:39,42.2249,-121.7817,46.31,68,75,14.97
230,Lorengau,PG,2022-04-14 23:25:39,-2.0226,147.2712,82.94,78,36,7.85
231,Batemans Bay,AU,2022-04-14 23:25:40,-35.7167,150.1833,66.09,65,24,4.21
232,Beringovskiy,RU,2022-04-14 23:26:40,63.05,179.3167,31.66,99,100,13.82
233,Port Hardy,CA,2022-04-14 23:26:40,50.6996,-127.4199,50.18,29,75,6.91
234,Ileza,RU,2022-04-14 23:26:41,61.0533,43.9002,29.75,92,100,2.26
235,Banda Aceh,ID,2022-04-14 23:26:41,5.5577,95.3222,80.06,80,91,0.63
236,Plettenberg Bay,ZA,2022-04-14 23:26:41,-34.0527,23.3716,59.25,87,100,10.4
237,Hasaki,JP,2022-04-14 23:25:17,35.7333,140.8333,52.2,92,100,16.53
238,Bikapur,IN,2022-04-14 23:26:42,26.6,82.1333,82.2,15,13,5.91
239,Chokurdakh,RU,2022-04-14 23:22:43,70.6333,147.9167,8.08,91,100,7.87
240,Calama,CL,2022-04-14 23:25:22,-22.4667,-68.9333,61.29,20,0,13.8
241,Qaqortoq,GL,2022-04-14 23:26:42,60.7167,-46.0333,31.78,91,44,4.54
242,Rio Claro,BR,2022-04-14 23:26:43,-22.4114,-47.5614,65.61,94,76,10.31
243,Tuatapere,NZ,2022-04-14 23:26:43,-46.1333,167.6833,59.13,59,13,3.62
244,Ottersberg,DE,2022-04-14 23:26:44,53.1,9.15,46.31,76,42,10.87
245,Kuytun,RU,2022-04-14 23:26:44,54.3419,101.5036,31.41,75,89,5.75
246,San Pedro,PH,2022-04-14 23:26:44,14.35,121.0167,83.32,77,20,9.22
247,Caravelas,BR,2022-04-14 23:26:45,-17.7125,-39.2481,80.11,83,8,9.13
248,Conde,BR,2022-04-14 23:26:45,-7.2597,-34.9075,80.06,83,0,10.36
249,Bourail,NC,2022-04-14 23:26:45,-21.5667,165.4833,78.04,81,74,3.47
250,Mmathubudukwane,BW,2022-04-14 23:26:46,-24.6,26.4333,66.56,54,0,3.47
251,Yilan,TW,2022-04-14 23:26:46,24.757,121.753,66.9,86,99,5.28
252,Mnogovershinnyy,RU,2022-04-14 23:26:46,53.9353,139.9242,24.42,83,48,7.36
253,Baykit,RU,2022-04-14 23:26:47,61.67,96.37,32.67,95,100,1.95
254,Hay River,CA,2022-04-14 23:26:47,60.8156,-115.7999,28.38,34,20,9.22
255,Vao,NC,2022-04-14 23:26:47,-22.6667,167.4833,76.64,82,66,11.05
256,Sept-Iles,CA,2022-04-14 23:22:02,50.2001,-66.3821,41.52,45,75,5.75
257,Dingle,PH,2022-04-14 23:26:48,10.9995,122.6711,77.47,85,97,0.98
258,Ngunguru,NZ,2022-04-14 23:26:48,-35.6167,174.5,63.45,62,9,5.41
259,Naze,JP,2022-04-14 23:26:49,28.3667,129.4833,68.92,88,7,13.0
260,Souillac,MU,2022-04-14 23:26:49,-20.5167,57.5167,77.38,78,40,10.36
261,Sibu,MY,2022-04-14 23:26:49,2.3,111.8167,75.51,94,20,4.61
262,Opuwo,NA,2022-04-14 23:26:50,-18.0607,13.84,67.12,51,12,3.15
263,Half Moon Bay,US,2022-04-14 23:25:40,37.4636,-122.4286,63.03,84,100,14.97
264,Portland,US,2022-04-14 23:23:46,45.5234,-122.6762,50.56,73,75,10.36
265,Aljojuca,MX,2022-04-14 23:26:50,19.1,-97.5167,68.29,47,98,6.8
266,Hambantota,LK,2022-04-14 23:26:51,6.1241,81.1185,79.52,85,98,7.38
267,Popondetta,PG,2022-04-14 23:26:51,-8.7537,148.2534,82.45,75,100,0.67
268,Sinnamary,GF,2022-04-14 23:26:51,5.3833,-52.95,77.74,86,81,14.23
269,San Quintin,MX,2022-04-14 23:26:52,30.4833,-115.95,63.86,60,3,22.46
270,Varnavino,RU,2022-04-14 23:26:52,57.4035,45.0916,31.84,90,12,9.6
271,Koungou,YT,2022-04-14 23:26:52,-12.7336,45.2042,82.11,83,20,9.22
272,Jackson,US,2022-04-14 23:24:04,42.4165,-122.8345,54.75,43,0,14.97
273,College,US,2022-04-14 23:23:34,64.8569,-147.8028,44.55,46,0,5.75
274,Bida,NG,2022-04-14 23:26:53,9.0833,6.0167,82.99,63,68,5.08
275,Lulea,SE,2022-04-14 23:26:53,65.5842,22.1547,28.47,74,8,8.05
276,Samut Prakan,TH,2022-04-14 23:25:35,13.5,100.45,88.05,73,65,6.8
277,Kharsawan,IN,2022-04-14 23:27:54,22.8,85.8333,86.49,27,92,5.73
278,Frisco,US,2022-04-14 23:26:08,33.1507,-96.8236,76.03,32,0,7.0
279,Dharchula,IN,2022-04-14 23:27:54,29.85,80.5333,58.55,43,0,8.25
280,Nerchinskiy Zavod,RU,2022-04-14 23:27:55,51.3088,119.61,32.67,57,72,10.49
281,Touros,BR,2022-04-14 23:27:55,-5.1989,-35.4608,80.78,75,100,9.62
282,Pinheiro Machado,BR,2022-04-14 23:27:55,-31.5783,-53.3811,50.43,58,2,3.22
283,Aden,YE,2022-04-14 23:27:56,12.7794,45.0367,81.64,71,99,12.12
284,Ariquemes,BR,2022-04-14 23:27:56,-9.9133,-63.0408,74.73,97,97,3.0
285,Morros,BR,2022-04-14 23:27:56,-9.4467,-46.3003,74.34,85,92,3.94
286,Sioux Falls,US,2022-04-14 23:27:41,43.55,-96.7003,39.06,37,40,25.32
287,Eldoret,KE,2022-04-14 23:27:57,0.5204,35.2699,60.89,82,75,9.22
288,Bihac,BA,2022-04-14 23:27:57,44.8169,15.8708,54.81,92,32,4.7
289,Kushiro,JP,2022-04-14 23:26:36,42.975,144.3747,36.55,80,75,6.91
290,Port Blair,IN,2022-04-14 23:27:57,11.6667,92.75,80.47,71,95,3.11
291,Tiarei,PF,2022-04-14 23:27:58,-17.5333,-149.3333,84.22,72,34,19.46
292,Lazaro Cardenas,MX,2022-04-14 23:26:34,17.9583,-102.2,81.0,63,100,9.8
293,Bathsheba,BB,2022-04-14 23:27:58,13.2167,-59.5167,79.41,83,40,21.85
294,Gat,IL,2022-04-14 23:27:59,31.61,34.7642,59.4,69,0,4.43
295,Beloha,MG,2022-04-14 23:27:59,-25.1667,45.05,74.7,79,84,5.61
296,Tezu,IN,2022-04-14 23:27:59,27.9167,96.1667,68.79,96,100,2.95
297,Sabha,LY,2022-04-14 23:28:00,27.0377,14.4283,88.16,12,91,14.23
298,Pochutla,MX,2022-04-14 23:28:00,15.7432,-96.4661,87.82,53,15,8.03
299,Walvis Bay,NA,2022-04-14 23:28:00,-22.9575,14.5053,58.08,88,0,5.75
300,Torbay,CA,2022-04-14 23:28:01,47.6666,-52.7314,32.29,84,20,12.66
301,Bintulu,MY,2022-04-14 23:28:01,3.1667,113.0333,75.61,100,20,3.44
302,Sandpoint,US,2022-04-14 23:28:01,48.2766,-116.5533,45.99,29,0,5.75
303,Syedove,UA,2022-04-14 23:28:02,47.0768,38.156,43.0,92,100,7.87
304,Bowen,AU,2022-04-14 23:28:02,-20.0167,148.2333,79.25,58,45,16.2
305,Gizo,SB,2022-04-14 23:25:11,-8.103,156.8419,84.02,70,40,5.41
306,Hohhot,CN,2022-04-14 23:28:02,40.8106,111.6522,32.29,37,0,4.47
307,Iqaluit,CA,2022-04-14 23:28:03,63.7506,-68.5145,-0.31,70,0,18.41
308,Stilfontein,ZA,2022-04-14 23:28:03,-26.8449,26.7683,59.81,44,0,5.86
309,La Libertad,EC,2022-04-14 23:28:04,-2.2333,-80.9,73.06,83,0,11.5
310,Ambulu,ID,2022-04-14 23:28:04,-8.345,113.6058,75.27,89,44,3.09
311,Chauk,MM,2022-04-14 23:28:04,20.8833,94.8167,80.26,70,98,10.85
312,Dali,CN,2022-04-14 23:28:05,25.7,100.1833,55.09,90,57,4.16
313,Alugan,PH,2022-04-14 23:23:18,12.2188,125.4808,77.88,87,90,4.43
314,Saurimo,AO,2022-04-14 23:28:05,-9.6608,20.3916,65.3,98,95,3.42
315,Biak,ID,2022-04-14 23:28:05,-0.9131,122.8766,78.35,80,100,1.95
316,Taboga,IT,2022-04-14 23:28:06,46.2663,13.1092,53.22,80,36,3.02
317,Severo-Kurilsk,RU,2022-04-14 23:28:06,50.6789,156.125,30.6,75,85,22.46
318,Savonlinna,FI,2022-04-14 23:28:07,61.8699,28.88,33.85,100,100,4.61
319,Misratah,LY,2022-04-14 23:28:07,32.3754,15.0925,66.4,67,100,29.64
320,Sao Mateus,BR,2022-04-14 23:28:07,-18.7161,-39.8589,80.15,81,74,6.82
321,Oshawa,CA,2022-04-14 23:25:51,43.9001,-78.8496,52.25,49,75,17.27
322,Erdenet,MN,2022-04-14 23:28:08,49.0333,104.0833,27.43,50,0,2.39
323,Ibra,OM,2022-04-14 23:28:08,22.6906,58.5334,77.11,34,1,2.19
324,Klaksvik,FO,2022-04-14 23:29:08,62.2266,-6.589,45.52,93,100,31.97
325,Ca Mau,VN,2022-04-14 23:29:09,9.1769,105.15,77.76,91,69,3.71
326,Glenwood Springs,US,2022-04-14 23:29:09,39.5505,-107.3248,54.52,50,0,13.8
327,Baruun-Urt,MN,2022-04-14 23:29:09,46.6806,113.2792,33.03,32,4,9.51
328,Cap Malheureux,MU,2022-04-14 23:29:10,-19.9842,57.6142,78.48,75,22,5.99
329,Mocuba,MZ,2022-04-14 23:29:10,-16.8392,36.9856,71.38,98,22,2.89
330,Erenhot,CN,2022-04-14 23:29:11,43.6475,111.9767,35.13,27,0,2.75
331,Beihai,CN,2022-04-14 23:29:11,21.4833,109.1,74.14,88,1,11.72
332,Ballina,AU,2022-04-14 23:27:06,-28.8667,153.5667,69.98,90,100,10.36
333,Cidreira,BR,2022-04-14 23:29:11,-30.1811,-50.2056,61.56,62,12,11.72
334,Bilma,NE,2022-04-14 23:29:12,18.6853,12.9164,87.53,8,38,10.13
335,Ceres,US,2022-04-14 23:29:12,37.5949,-120.9577,64.72,62,100,4.61
336,Ciudad Guayana,VE,2022-04-14 23:29:12,8.3533,-62.6528,86.63,43,95,10.96
337,Tuyen Quang,VN,2022-04-14 23:29:13,21.8233,105.2181,72.7,91,100,2.1
338,Doctor Arroyo,MX,2022-04-14 23:29:13,23.6667,-100.1833,82.8,22,100,14.7
339,Letka,RU,2022-04-14 23:29:14,59.6011,49.4232,32.92,76,100,9.91
340,Rodrigues Alves,BR,2022-04-14 23:29:14,-7.738,-72.6509,77.2,83,98,3.13
341,Zhicheng,CN,2022-04-14 23:29:14,30.2956,111.5047,53.29,74,100,9.51
342,Batticaloa,LK,2022-04-14 23:29:15,7.7102,81.6924,79.2,86,69,4.41
343,Levelland,US,2022-04-14 23:29:15,33.5873,-102.378,79.2,6,0,13.76
344,Coihaique,CL,2022-04-14 23:29:15,-45.5752,-72.0662,63.21,54,0,8.05
345,Srednekolymsk,RU,2022-04-14 23:29:16,67.45,153.6833,12.81,89,100,7.74
346,Grosseto,IT,2022-04-14 23:29:16,42.8333,11.25,57.0,94,0,4.61
347,Churapcha,RU,2022-04-14 23:29:17,62.0025,132.4325,25.77,85,100,10.6
348,Ust-Tsilma,RU,2022-04-14 23:29:17,65.441,52.1498,25.57,85,84,7.87
349,Wabrzezno,PL,2022-04-14 23:29:17,53.2799,18.9477,52.9,95,100,4.05
350,Beyneu,KZ,2022-04-14 23:29:18,45.3167,55.2,52.93,50,90,8.63
351,Laguna,US,2022-04-14 23:29:18,38.421,-121.4238,59.29,90,100,10.36
352,Berlevag,NO,2022-04-14 23:29:18,70.8578,29.0864,33.6,73,94,25.77
353,Harnosand,SE,2022-04-14 23:29:19,62.6323,17.9379,30.2,92,20,5.06
354,Shorapur,IN,2022-04-14 23:29:19,16.5167,76.75,85.23,37,98,2.77
355,Muhos,FI,2022-04-14 23:29:19,64.808,25.9931,29.98,98,65,3.65
356,Gazojak,TM,2022-04-14 23:29:20,41.1875,61.4036,73.45,22,95,7.2
357,Inhambane,MZ,2022-04-14 23:29:20,-23.865,35.3833,77.56,86,99,9.04
358,Lahij,YE,2022-04-14 23:29:20,13.1667,44.5833,78.35,17,86,3.74
359,Sochi,RU,2022-04-14 23:29:21,43.6,39.7303,44.69,90,100,11.59
360,Kapit,MY,2022-04-14 23:29:21,2.0167,112.9333,73.13,99,95,1.28
361,Guantanamo,CU,2022-04-14 23:28:52,20.1444,-75.2092,81.97,72,30,6.58
362,Liberty,US,2022-04-14 23:29:21,31.8335,-81.5004,75.45,52,0,4.61
363,Matara,LK,2022-04-14 23:29:22,5.9485,80.5353,77.95,89,90,3.62
364,Mareeba,AU,2022-04-14 23:29:22,-17.0,145.4333,78.44,77,100,6.51
365,Escanaba,US,2022-04-14 23:26:09,45.7453,-87.0646,37.36,59,100,17.0
366,Pitea,SE,2022-04-14 23:29:23,65.3172,21.4794,28.49,90,6,7.56
367,Nouadhibou,MR,2022-04-14 23:29:23,20.931,-17.0347,64.38,77,1,19.57
368,Santa Cruz,BO,2022-04-14 23:24:41,-17.8,-63.1667,71.65,68,75,8.05
369,Alta Floresta,BR,2022-04-14 23:30:24,-9.8756,-56.0861,73.65,93,95,1.36
370,Hami,CN,2022-04-14 23:30:24,42.8,93.45,51.94,22,93,3.15
371,Tigil,RU,2022-04-14 23:30:24,57.8,158.6667,27.54,86,100,13.94
372,Takoradi,GH,2022-04-14 23:30:25,4.8845,-1.7554,80.13,85,91,8.46
373,Beidao,CN,2022-04-14 23:30:25,34.5686,105.8933,42.75,90,100,1.95
374,Auki,SB,2022-04-14 23:30:25,-8.7676,160.7034,85.37,63,85,3.09
375,Sitka,US,2022-04-14 23:30:26,57.0531,-135.33,44.49,33,0,8.05
376,Ahipara,NZ,2022-04-14 23:30:26,-35.1667,173.1667,67.77,52,30,3.94
377,Mehamn,NO,2022-04-14 23:30:26,71.0357,27.8492,31.48,69,97,16.6
378,Vilcun,CL,2022-04-14 23:30:23,-38.65,-72.2333,52.54,61,0,2.35
379,Fengzhen,CN,2022-04-14 23:30:27,40.4394,113.1536,35.91,27,0,7.65
380,Havre-Saint-Pierre,CA,2022-04-14 23:30:27,50.2334,-63.5986,35.96,87,0,3.44
381,Shelburne,CA,2022-04-14 23:30:28,44.0787,-80.2041,47.19,60,44,19.64
382,Shirvan,AZ,2022-04-14 23:30:28,39.9509,48.8994,50.23,36,82,10.92
383,Tomakomai,JP,2022-04-14 23:30:08,42.6369,141.6033,45.72,70,75,4.61
384,Matadi,CD,2022-04-14 23:30:28,-5.8167,13.45,75.22,98,70,2.55
385,Ryazanovskiy,RU,2022-04-14 23:30:29,55.55,39.4333,34.0,87,38,4.99
386,Leningradskiy,RU,2022-04-14 23:30:29,69.3833,178.4167,13.69,90,97,13.06
387,Lata,PT,2022-04-14 23:30:29,40.1629,-8.3327,53.92,94,7,1.41
388,Aklavik,CA,2022-04-14 23:30:30,68.2191,-135.0107,6.8,61,20,8.05
389,Pisco,PE,2022-04-14 23:30:30,-13.7,-76.2167,67.01,82,0,20.71
390,Lukulu,ZM,2022-04-14 23:30:31,-14.3707,23.242,67.59,78,100,4.09
391,Maceio,BR,2022-04-14 23:26:54,-9.6658,-35.7353,80.04,78,0,10.36
392,Oyama,JP,2022-04-14 23:30:31,36.3,139.8,55.58,89,100,3.24
393,Lakshmeshwar,IN,2022-04-14 23:30:31,15.1333,75.4667,75.42,82,95,7.9
394,Nyurba,RU,2022-04-14 23:30:32,63.2842,118.3319,20.68,86,92,9.31
395,Yambio,SS,2022-04-14 23:30:13,4.5721,28.3955,68.14,98,100,6.22
396,Ahraura,IN,2022-04-14 23:30:32,25.0167,83.0167,81.75,23,3,6.53
397,Taoudenni,ML,2022-04-14 23:30:33,22.6783,-3.9836,80.53,16,0,13.8
398,Omboue,GA,2022-04-14 23:30:33,-1.5746,9.2618,77.59,89,74,2.64
399,Asau,RO,2022-04-14 23:30:33,46.4333,26.4,44.96,70,2,4.47
400,Meadow Lake,US,2022-04-14 23:30:34,34.8014,-106.5436,69.67,8,8,16.55
401,Kumla,SE,2022-04-14 23:30:34,59.1277,15.1434,39.15,87,75,11.5
402,Hauterive,FR,2022-04-14 23:30:34,46.0901,3.4459,54.36,95,6,1.23
403,Atambua,ID,2022-04-14 23:30:35,-9.1061,124.8925,78.71,79,85,1.83
404,Elko,US,2022-04-14 23:29:15,41.0002,-115.5012,46.42,68,100,23.0
405,Bodden Town,KY,2022-04-14 23:30:35,19.2833,-81.25,84.2,68,20,7.0
406,Meulaboh,ID,2022-04-14 23:30:35,4.1363,96.1285,76.93,88,98,3.49
407,Jacareacanga,BR,2022-04-14 23:30:36,-6.2222,-57.7528,74.32,98,95,2.68
408,Plastun,RU,2022-04-14 23:30:36,44.7561,136.2939,49.24,43,10,0.96
409,Namatanai,PG,2022-04-14 23:30:36,-3.6667,152.4333,85.01,68,77,7.05
410,Agadez,NE,2022-04-14 23:30:37,19.75,10.25,88.25,17,87,10.25
411,Tateyama,JP,2022-04-14 23:30:37,34.9833,139.8667,53.1,92,100,13.18
412,Presidencia Roque Saenz Pena,AR,2022-04-14 23:30:37,-26.7852,-60.4388,55.6,78,0,5.86
413,Dogbo,BJ,2022-04-14 23:30:38,6.8167,1.7833,78.53,84,99,4.9
414,Fare,PF,2022-04-14 23:30:38,-16.7,-151.0167,82.08,72,14,17.22
415,Nuqui,CO,2022-04-14 23:31:38,5.7125,-77.2708,79.74,87,100,5.37
416,Talnakh,RU,2022-04-14 23:31:39,69.4865,88.3972,27.21,88,100,11.92
417,Burnie,AU,2022-04-14 23:31:39,-41.0667,145.9167,61.92,89,100,7.92
418,Orlik,RU,2022-04-14 23:31:40,52.5178,99.825,9.86,80,19,2.37
419,Sabzevar,IR,2022-04-14 23:31:40,36.2126,57.6819,71.02,23,62,11.21
420,Beinamar,TD,2022-04-14 23:31:40,8.6698,15.3813,77.81,65,76,3.67
421,Seoul,KR,2022-04-14 23:30:42,37.5683,126.9778,51.37,55,0,3.44
422,San Carlos,VE,2022-04-14 23:31:41,9.6612,-68.5827,86.65,50,98,4.88
423,Ilulissat,GL,2022-04-14 23:31:41,69.2167,-51.1,10.42,61,75,12.66
424,Samarai,PG,2022-04-14 23:31:41,-10.6167,150.6667,84.18,72,96,11.45
425,Chicama,PE,2022-04-14 23:31:42,-7.8447,-79.1469,64.94,76,87,8.16
426,Owase,JP,2022-04-14 23:31:42,34.0667,136.2,63.21,99,100,4.85
427,Alofi,NU,2022-04-14 23:31:42,-19.0595,-169.9187,85.89,74,75,10.36
428,Birin,NP,2022-04-14 23:31:43,26.8865,88.0718,58.8,50,3,5.48
429,Listvyagi,RU,2022-04-14 23:31:43,53.6772,86.951,33.33,34,1,2.28
430,Nguru,NG,2022-04-14 23:31:43,12.8791,10.4526,89.65,29,79,6.53
431,Kirakira,SB,2022-04-14 23:31:44,-10.4544,161.9205,84.06,74,78,7.07
432,Sidhi,IN,2022-04-14 23:31:44,24.4167,81.8833,81.03,30,53,3.09
433,Okhotsk,RU,2022-04-14 23:31:45,59.3833,143.3,19.45,66,14,13.96
434,Fairlie,GB,2022-04-14 23:31:45,55.756,-4.8556,52.39,86,100,5.59
435,Fairbanks,US,2022-04-14 23:29:01,64.8378,-147.7164,44.56,47,0,5.75
436,Champerico,GT,2022-04-14 23:31:45,14.3,-91.9167,90.14,64,48,10.6
437,Mackenzie,CA,2022-04-14 23:31:46,55.2999,-123.1698,32.22,34,0,10.36
438,Radford,US,2022-04-14 23:31:46,37.1318,-80.5764,61.72,36,0,14.97
439,Junin,AR,2022-04-14 23:31:46,-34.5838,-60.9433,55.33,48,0,7.14
440,Verkhnetulomskiy,RU,2022-04-14 23:31:47,68.6073,31.7962,26.73,98,91,3.83
441,Puerto Madero,MX,2022-04-14 23:31:47,14.7208,-92.4215,88.0,62,100,6.91
442,Xiaoyi,CN,2022-04-14 23:31:47,34.6178,109.703,52.84,65,100,7.36
443,Shizunai,JP,2022-04-14 23:31:48,42.3339,142.3669,39.07,85,100,2.33
444,The Valley,AI,2022-04-14 23:31:48,18.217,-63.0578,78.66,78,20,9.22
445,Buraydah,SA,2022-04-14 23:31:01,26.326,43.975,77.45,44,100,21.83
446,Kologriv,RU,2022-04-14 23:31:49,58.8275,44.3178,29.26,93,55,6.76
447,Coquimbo,CL,2022-04-14 23:31:49,-29.9533,-71.3436,56.93,82,100,3.44
448,Altamont,US,2022-04-14 23:31:49,42.2068,-121.7372,46.24,70,75,14.97
449,San Andres,CO,2022-04-14 23:30:22,12.5847,-81.7006,82.42,74,40,13.8
450,Marystown,CA,2022-04-14 23:31:05,47.1666,-55.1483,39.85,100,58,5.48
451,Vila Praia De Ancora,PT,2022-04-14 23:31:50,41.811,-8.8526,54.1,87,17,7.52
452,Chipinge,ZW,2022-04-14 23:31:50,-20.1883,32.6236,65.19,79,96,3.18
453,Potosi,BO,2022-04-14 23:31:50,-19.5836,-65.7531,44.06,56,0,2.98
454,Komsomolskiy,UZ,2022-04-14 23:31:51,40.4272,71.7189,59.72,55,0,6.91
455,Wahiawa,US,2022-04-14 23:31:51,21.5028,-158.0236,82.72,57,40,16.11
456,Touho,NC,2022-04-14 23:31:51,-20.7833,165.2333,79.07,77,69,3.15
457,Sukumo,JP,2022-04-14 23:31:52,32.9333,132.7333,64.04,97,100,3.74
458,Codrington,AU,2022-04-14 23:31:52,-38.2667,141.9667,60.57,78,100,5.99
459,Namibe,AO,2022-04-14 23:31:52,-15.1961,12.1522,75.45,77,75,6.13
460,Ridgecrest,US,2022-04-14 23:31:53,35.6225,-117.6709,78.66,17,20,32.21
461,Lima,PE,2022-04-14 23:28:02,-12.0432,-77.0282,65.39,55,20,13.8
462,Jacmel,HT,2022-04-14 23:31:53,18.2342,-72.5347,85.84,79,42,7.34
463,Zhigansk,RU,2022-04-14 23:28:58,66.7697,123.3711,26.49,81,100,8.68
464,Tarata,BO,2022-04-14 23:32:54,-17.6167,-66.0167,62.02,80,21,8.46
465,Muzhi,RU,2022-04-14 23:32:54,65.3667,64.6667,27.18,71,77,14.14
466,Kruisfontein,ZA,2022-04-14 23:32:54,-34.0033,24.7314,60.89,89,100,15.84
467,Araouane,ML,2022-04-14 23:32:55,18.9048,-3.5265,81.34,10,1,9.42
468,Trairi,BR,2022-04-14 23:32:55,-3.2778,-39.2689,77.76,85,71,5.5
469,Teya,RU,2022-04-14 23:32:55,60.3778,92.6267,30.43,97,100,4.54
470,Broome,US,2022-04-14 23:32:56,42.2506,-75.833,52.9,68,75,4.61
471,Itarema,BR,2022-04-14 23:32:56,-2.9248,-39.9167,78.08,86,85,7.02
472,Sar-E Pul,AF,2022-04-14 23:32:56,35.8333,66.1667,56.97,30,0,5.79
473,Tabuk,PH,2022-04-14 23:32:57,17.4189,121.4443,77.13,82,48,5.64
474,Chulman,RU,2022-04-14 23:32:57,56.8479,124.9104,28.76,88,100,8.05
475,Sisimiut,GL,2022-04-14 23:32:57,66.9395,-53.6735,9.66,83,72,11.65
476,Begunitsy,RU,2022-04-14 23:32:58,59.5855,29.3176,33.15,99,100,3.38
477,Bonthe,SL,2022-04-14 23:32:58,7.5264,-12.505,78.4,86,96,5.06
478,Chaohu,CN,2022-04-14 23:32:58,31.6,117.8667,54.1,67,100,11.5
479,Sao Felix Do Xingu,BR,2022-04-14 23:32:59,-6.6447,-51.995,73.74,96,91,2.1
480,La Reforma,MX,2022-04-14 23:32:59,25.0833,-108.05,77.25,50,74,12.24
481,Riohacha,CO,2022-04-14 23:32:59,11.5444,-72.9072,83.01,65,19,16.15
482,Harmanli,BG,2022-04-14 23:33:00,41.9333,25.9,47.79,72,0,2.89
483,Kushima,JP,2022-04-14 23:33:00,31.4583,131.2333,70.75,80,50,9.13
484,Cukai,MY,2022-04-14 23:33:00,4.25,103.4167,75.15,91,98,3.47
485,Nome,US,2022-04-14 23:33:01,64.5011,-165.4064,38.1,75,100,16.11
486,Mahon,ES,2022-04-14 23:33:01,39.8885,4.2658,57.76,82,0,11.5
487,Altoona,US,2022-04-14 23:30:02,40.5187,-78.3947,57.22,43,30,1.99
488,Vernon,CA,2022-04-14 23:30:38,50.2581,-119.2691,52.41,38,85,5.01
489,Chulym,RU,2022-04-14 23:33:02,55.0997,80.9572,36.5,82,28,4.47
490,Aktas,KZ,2022-04-14 23:33:02,49.7789,72.9608,35.35,43,0,5.06
491,Coahuayana,MX,2022-04-14 23:30:27,18.7333,-103.6833,81.55,53,99,4.76
492,Faya,SA,2022-04-14 23:33:03,18.3851,42.4509,61.32,34,59,1.25
493,Ulaangom,MN,2022-04-14 23:33:03,49.9811,92.0667,31.6,27,1,3.98
494,Campanha,BR,2022-04-14 23:33:03,-21.8361,-45.4006,63.5,94,39,4.0
495,Oktyabrskiy,RU,2022-04-14 23:33:04,54.4815,53.471,44.08,81,96,16.17
496,Nabire,ID,2022-04-14 23:33:04,-3.3667,135.4833,81.7,77,83,2.13
497,Atbasar,KZ,2022-04-14 23:33:04,51.8,68.3333,49.01,50,12,7.09
498,Goderich,CA,2022-04-14 23:31:39,43.7501,-81.7165,47.91,53,66,16.11
499,Port Augusta,AU,2022-04-14 23:31:29,-32.5,137.7667,77.02,23,60,3.2
500,Rantepao,ID,2022-04-14 23:33:05,-2.9701,119.8978,72.48,87,92,0.94
501,Pumiao,CN,2022-04-14 23:33:05,22.75,108.4833,75.6,78,18,12.28
502,Perpignan,FR,2022-04-14 23:28:17,42.75,2.75,60.73,57,0,8.05
503,Necochea,AR,2022-04-14 23:33:06,-38.5473,-58.7368,53.62,68,0,8.48
504,Dickinson,US,2022-04-14 23:29:05,29.4608,-95.0513,82.56,42,0,14.97
505,Price,US,2022-04-14 23:33:06,39.5994,-110.8107,57.11,16,20,9.22
506,Vostochnyy,RU,2022-04-14 23:33:07,55.8167,37.8667,39.47,80,92,4.23
507,Soyo,AO,2022-04-14 23:33:07,-6.1349,12.3689,77.99,91,97,3.49
508,Pangody,RU,2022-04-14 23:33:07,65.85,74.4859,34.03,99,100,12.86
509,Inuvik,CA,2022-04-14 23:33:08,68.3499,-133.7218,7.56,61,20,6.91
510,Antofagasta,CL,2022-04-14 23:33:08,-23.65,-70.4,63.68,84,28,3.42
511,Deputatskiy,RU,2022-04-14 23:34:08,69.3,139.9,2.5,92,86,1.88
512,Alcaniz,ES,2022-04-14 23:34:09,41.05,-0.1333,56.05,75,66,6.08
513,Ternate,ID,2022-04-14 23:34:09,0.8,127.4,82.92,73,73,3.36
514,Sioux Lookout,CA,2022-04-14 23:34:10,50.1001,-91.917,26.67,86,75,6.91
515,Uniontown,US,2022-04-14 23:34:10,39.9001,-79.7164,58.12,58,20,4.97
516,Boa Vista,BR,2022-04-14 23:34:10,2.8197,-60.6733,87.78,51,75,8.05
517,Vostok,RU,2022-04-14 23:34:11,46.4856,135.8833,36.55,48,16,4.14
518,Muros,ES,2022-04-14 23:34:11,42.7762,-9.0603,53.83,87,8,6.35
519,New Ulm,US,2022-04-14 23:34:11,44.3125,-94.4605,34.27,61,75,29.93
520,Putai,FR,2022-04-14 23:34:12,46.6579,1.9863,49.39,92,4,5.19
521,Blora,ID,2022-04-14 23:34:12,-6.9698,111.4186,76.44,87,52,3.29
522,Kolyvan,RU,2022-04-14 23:34:12,55.3053,82.7391,26.8,84,30,4.88
523,Ust-Nera,RU,2022-04-14 23:34:13,64.5667,143.2,9.19,88,98,4.16
524,Bongandanga,CD,2022-04-14 23:34:13,1.5,21.05,68.63,98,100,0.43
525,Bytca,SK,2022-04-14 23:34:13,49.224,18.5588,53.04,77,72,1.14
526,Vila Franca Do Campo,PT,2022-04-14 23:34:14,37.7167,-25.4333,63.01,92,100,9.28
527,Worthington,US,2022-04-14 23:34:14,40.0931,-83.018,58.89,33,0,25.32
528,Santa Barbara,US,2022-04-14 23:32:40,34.7333,-120.0343,66.34,46,0,14.97
529,Chernyshevskiy,RU,2022-04-14 23:34:14,63.0128,112.4714,15.31,86,87,12.03
530,Akyab,MM,2022-04-14 23:34:15,20.15,92.9,81.03,78,42,1.57
531,Pamyat Parizhskoy Kommuny,RU,2022-04-14 23:34:15,56.1048,44.4952,35.55,93,20,11.1
532,Alim,PH,2022-04-14 23:34:16,9.5649,122.4876,81.66,74,97,1.5
533,Saint-Augustin,CA,2022-04-14 23:33:29,51.226,-58.6502,26.17,98,93,2.21
534,Jiblah,YE,2022-04-14 23:32:18,13.9216,44.1467,62.42,25,37,4.76
535,Anahuac,MX,2022-04-14 23:34:16,27.2333,-100.15,84.52,43,86,19.13
536,Changji,CN,2022-04-14 23:34:17,44.0167,87.3167,39.99,24,0,6.71
537,Lithakia,GR,2022-04-14 23:34:17,37.7167,20.8333,49.37,74,98,5.21
538,Neiafu,TO,2022-04-14 23:34:17,-18.65,-173.9833,84.88,74,40,5.75
539,Borogontsy,RU,2022-04-14 23:34:18,62.6683,131.1683,26.98,93,100,11.07
540,Wageningen,NL,2022-04-14 23:34:18,51.9667,5.6667,51.12,92,49,4.61
541,Bidar,IN,2022-04-14 23:34:18,17.9,77.55,85.28,38,100,6.91
542,Gorontalo,ID,2022-04-14 23:34:19,0.5412,123.0595,81.88,77,98,0.58
543,Sakaiminato,JP,2022-04-14 23:34:19,35.55,133.2333,51.78,93,75,12.66
544,Katherine,AU,2022-04-14 23:34:19,-14.4667,132.2667,80.92,78,100,4.61
545,Raudeberg,NO,2022-04-14 23:34:20,61.9875,5.1352,43.47,77,0,6.67
546,Tela,HN,2022-04-14 23:34:20,15.7833,-87.45,87.75,70,20,2.3
547,Maragogi,BR,2022-04-14 23:31:34,-9.0122,-35.2225,78.96,79,11,8.68
548,Venado Tuerto,AR,2022-04-14 23:34:20,-33.7456,-61.9688,56.26,48,0,7.58
549,Egvekinot,RU,2022-04-14 23:34:21,66.3167,-179.1667,25.47,92,100,7.83
550,Aljezur,PT,2022-04-14 23:34:21,37.3191,-8.8033,56.43,89,0,8.14
551,Kuala Terengganu,MY,2022-04-14 23:34:21,5.3302,103.1408,78.75,94,20,3.44
552,Slave Lake,CA,2022-04-14 23:29:48,55.2834,-114.769,30.18,51,0,6.91
553,Kropotkin,RU,2022-04-14 23:34:22,45.4375,40.5756,42.89,93,100,9.24
554,Berbera,SO,2022-04-14 23:31:30,10.4396,45.0143,80.65,77,65,5.37
555,Qasigiannguit,GL,2022-04-14 23:34:22,68.8193,-51.1922,10.65,97,80,2.95
556,Mercedes,AR,2022-04-14 23:34:23,-34.6515,-59.4307,57.85,53,0,7.2
557,Ambon,ID,2022-04-14 23:34:23,-3.6954,128.1814,80.74,89,20,3.44
558,Olafsvik,IS,2022-04-14 23:34:23,64.8945,-23.7142,45.09,95,100,22.12
559,Mantua,IT,2022-04-14 23:34:24,45.1667,10.7833,56.44,71,21,1.99
560,Angoche,MZ,2022-04-14 23:35:24,-16.2325,39.9086,77.32,89,14,5.21
561,Kaseda,JP,2022-04-14 23:35:24,31.4167,130.3167,67.51,87,32,7.23
